Headline,Links
Referees 'wanted the US to lose' Olympic 3x3 tournament.,"['https://www.foxnews.com/sports/referees-wanted-u-s-lose-olympic-3x3-tournament-star-player-hailey-van-lith-says', 'https://www.marca.com/en/olympic-games/2024/08/05/66b10b3622601dfa708b459e.html', 'https://www.msn.com/en-us/sports/nba/refs-wanted-the-us-to-lose-hailey-van-lith-and-co-s-exit-vs-spain-indigestible-for-fans-as-olympics-officiating-gets-questioned/ar-AA1ohNEI', 'https://www.nbcnews.com/sports/olympics/live-blog/olympic-games-2024-live-updates-rcna162870', 'https://www.themirror.com/sport/basketball/olympics-van-lith-usa-conspiracy-630858', 'https://www.marca.com/en/olympic-games/2024/08/05/66b0ece381748c002a2b242c-live.html', 'https://africa.espn.com/olympics/story/_/id/40718638/serbia-holds-south-sudan-earn-quarterfinals-berth-greece-advances', 'https://headtopics.com/us/referees-wanted-the-us-to-lose-olympic-3x3-tournament-56971038']"
Brandon Aiyuk is more likely to be traded than sign an extension with the 49ers.,"['https://www.nfl.com/news/brandon-aiyuk-more-likely-to-be-traded-than-sign-extension-with-49ers-no-trade-in-place', 'https://www.cbssports.com/nfl/news/brandon-aiyuk-trade-demand-49ers-wr-more-likely-to-be-dealt-than-get-extension-from-san-francisco-per-report/', 'https://www.si.com/nfl/49ers/news/49ers-would-be-foolish-to-trade-brandon-aiyuk-01j4jdt0p0y8', 'https://bleacherreport.com/articles/10130881-nfl-rumors-brandon-aiyuk-trade-not-in-place-between-steelers-49ers-despite-buzz', 'https://www.49erswebzone.com/articles/182407-report-49ers-multiple-permission-brandon/', 'https://www.on3.com/pro/news/49ers-more-likely-to-trade-brandon-aiyuk-than-sign-wide-receiver-to-extension/', 'https://www.sfchronicle.com/sports/49ers/article/report-49ers-likely-trade-disgruntled-receiver-19621807.php', 'https://clutchpoints.com/nfl-rumors-brandon-aiyuk-more-likely-to-be-traded-than-sign-extension-with-49ers', 'https://www.ninersnation.com/2024/8/5/24214130/49ers-brandon-aiyuk-trade-extension-steelers-training-camp-trent-williams', 'https://www.thescore.com/news/3049333', 'https://www.pennlive.com/steelers/2024/08/what-is-the-latest-on-the-steelers-brandon-aiyuk-trade-rumors.html', 'https://nfltraderumors.co/latest-on-brandon-aiyuk-trade-rumors/', 'https://www.audacy.com/957thegame/sports/san-francisco-49-ers/brandon-aiyuk-more-likely-to-be-traded-than-extended', 'https://www.si.com/nfl/49ers/news/is-it-time-to-panic-on-brandon-aiyuk-remaining-with-the-49ers-01j4jcp757db', 'https://www.49erswebzone.com/articles/182404-nfl-insider-brandon-currently-steelers/', 'https://clutchpoints.com/nfl-rumors-expert-floats-brandon-aiyuk-davante-admas-trade-49ers-raiders', 'https://www.steelernation.com/2024/08/04/steelers-strike-likely-49ers-brandon-aiyuk', 'https://fansided.com/posts/latest-brandon-aiyuk-rumors-could-be-blessing-and-curse-for-steelers']"
Team USA will face Brazil in the Olympic men's basketball quarterfinals.,"['https://www.usatoday.com/story/sports/olympics/2024/08/04/olympic-mens-basketball-quarterfinals/74661393007/', 'https://www.si.com/college/gonzaga/basketball/how-to-watch-team-usa-vs-brazil-olympic-men-s-basketball-quarterfinal-game-01j4hz7bqy5z', 'https://www.forbes.com/sites/sofiachierchio/2024/08/05/team-usa-vs-brazil-in-olympic-mens-basketball-quarterfinals-heres-what-to-watch-for/', 'https://www.cbssports.com/olympics/news/2024-paris-olympics-mens-basketball-bracket-schedule-no-1-seed-team-usa-draws-brazil-in-quarterfinals/', 'https://www.azcentral.com/story/sports/olympics/2024/08/05/how-to-watch-team-usa-men-basketball-brazil-2024-olympics/74661714007/', 'https://www.usab.com/news/2024/08/usa-mens-national-ready-for-olympic-quarterfinal-bout-with-hot-shooting-brazil', 'https://www.espn.com/olympics/story/_/id/40738092/2024-paris-summer-olympics-live-updates-highlights-schedule-results-tuesday', 'https://www.nbcnews.com/sports/olympics/live-blog/olympic-games-2024-live-updates-rcna162870', 'https://en.as.com/olympic_games/when-is-brazil-usa-times-how-to-watch-on-tv-and-stream-online-olympic-games-mens-basketball-n/', 'https://athlonsports.com/olympics/team-usa-practice-video-goes-viral-before-olympic-game-against-brazil', 'https://olympics.com/en/news/team-usa-paris-2024-preview-highlights-schedule-6-august', 'https://www.nba.com/news/usa-basketball-7-opponents-quarterfinals-olympics', 'https://www.on3.com/pro/news/united-states-to-face-brazil-in-olympic-mens-basketball-tournament-quarterfinal-matchups-revealed/', 'https://www.cbssports.com/olympics/news/2024-paris-olympics-mens-basketball-power-rankings-team-usa-still-no-1-as-canada-germany-looking-for-upset/', 'https://news.abs-cbn.com/sports/2024/8/5/paris-2024-team-usa-prepares-to-face-brazil-in-qfinals-2035', 'https://www.azcentral.com/story/sports/olympics/2024/08/05/team-usa-basketball-brazil-picks-predictions-odds-2024-paris-olympics/74661473007/', 'https://www.si.com/nba/lakers/news/team-usa-gearing-up-for-brazil-in-olympic-quarterfinals-tuesday-01j4fprmh9wy', 'https://www.usatoday.com/story/sports/olympics/2024/08/05/paris-olympics-live-updates-results/74190961007/', 'https://www.cbssports.com/olympics/news/usa-basketball-vs-brazil-what-to-know-as-americans-set-to-meet-brazilian-kevin-durant-in-2024-olympics/', 'https://www.cbssports.com/olympics/news/usa-basketball-canada-germany-among-biggest-threats-to-americans-in-2024-olympics-mens-basketball/', 'https://www.nbcphiladelphia.com/paris-2024-summer-olympics/team-usa-mens-basketball-next-game-schedule-brazil/3932998/', 'https://www.israelhayom.com/2024/08/05/giannis-antetokounmpo-leads-greeces-mens-basketball-team-to-quarterfinals-in-paris-olympics/', 'https://m.economictimes.com/news/international/us/olympics-mens-basketball-quarterfinals-usa-faces-brazil-france-plays-canada-when-and-where-to-watch-on-tv-and-live-streaming/articleshow/112298292.cms', 'https://www.psucollegian.com/sports/olympics/3-former-penn-state-men-s-volleyball-players-lead-team-usa-to-quarterfinal-win-over/article_49abc35c-536f-11ef-81f6-1773b7c39f43.html', 'https://www.msn.com/en-us/sports/other/olympic-basketball-usa-basketball-not-looking-past-tuesday-s-quarterfinal-opponent/ar-AA1oeza9', 'https://athlonsports.com/nba/los-angeles-lakers/all-lakers/news/lakers-news-team-usa-advances-to-olympic-quarterfinals-against-brazil-', 'https://www.msn.com/en-us/sports/other/team-usa-men-s-basketball-will-play-brazil-to-open-olympic-quarterfinals/ar-AA1obWcV', 'https://www.betus.com.pa/more-sports/olympic-basketball-pick-us-men-to-remain-perfect-vs-brazil-08-06-2024-jifu/', 'https://bvmsports.com/2024/08/05/2024-paris-olympics-team-usa-prepares-to-face-brazil-in-olympic-basketball-quarterfinals/', 'https://www.oklahoman.com/story/sports/olympics/2024/08/04/olympic-mens-basketball-power-rankings-quarterfinals-knockout-round-team-usa/74665298007/', 'https://www.nytimes.com/athletic/5679493/2024/08/04/team-usa-olympics-bracket/', 'https://clutchpoints.com/team-usa-vs-brazil-how-to-watch-2024-paris-olympics-mens-basketball', 'https://thespun.com/nfl/tom-brady-sends-clear-message-to-lebron-james-usa-basketball', 'https://www.sportsline.com/insiders/usa-vs-brazil-2024-paris-olympics-mens-basketball-quarterfinals-odds-picks-best-bets-from-betting-expert/', 'https://www.si.com/nba/lakers/news/matchups-established-for-mens-basketball-olympic-quarterfinals-eg2001', 'http://www.msn.com/en-us/sports/other/lebron-s-usa-step-up-quest-for-fifth-straight-olympic-gold/ar-AA1ocKML?apiversion', 'https://www.washingtonpost.com/sports/olympics/2024/08/03/us-mens-basketball-puerto-rico/', 'https://www.nba.com/news/how-each-team-usa-player-performed-in-paris-olympics-group-stage', 'https://bleacherreport.com/articles/10130714-lebron-james-steve-kerr-praise-brazil-before-usa-vs-brazil-on-2024-olympics-bracket', 'https://www.lmtonline.com/sports/article/us-draws-brazil-in-olympic-men-s-quarterfinals-19618080.php', 'https://bvmsports.com/2024/08/05/brazil-vs-team-usa-in-2024-olympic-mens-basketball-roster-results-and-matchups-revealed/', 'https://www.msn.com/en-us/sports/other/basketball-olympics-2024-who-will-team-usa-s-men-s-basketball-team-play-in-the-quarterfinals/ar-AA1oczek?ocid', 'https://www.aa.com.tr/en/sports/confident-team-usa-beat-puerto-rico-104-83-to-face-brazil-in-olympic-mens-basketball-final-8/3294480', 'https://fortyeightminutes.com/team-usa-2024-paris-olympics-top-seed-knockout-round-medals-tournament/', 'https://www.essentiallysports.com/nba-active-basketball-news-paris-olympics-team-usas-road-to-gold-medal-possible-opponents-schedule-and-more/', 'https://www.timesdaily.com/sports/national_sports_headlines/team-usa-draws-brazil-in-quarterfinals/article_c18eeafa-5204-11ef-9057-e32a09d69f85.html', 'https://www.nbcphiladelphia.com/paris-2024-summer-olympics/simone-biles-katie-ledecky-shacarri-richardson-day-8-highlights-olympics/3933077/', 'https://www.msn.com/en-us/sports/other/team-usa-to-face-brazil-in-quarterfinals-of-2024-paris-olympic/ar-AA1obRGd?ocid', 'https://uk.sports.yahoo.com/news/us-faces-brazil-france-plays-080219524.html', 'https://sircharlesincharge.com/posts/3-olympic-powerhouses-that-could-upset-usa-basketball-in-knockout-rounds', 'https://athlonsports.com/olympics/steve-kerr-has-one-word-to-describe-team-usa-quarterfinal-matchup-with-brazil', 'https://www.deccanherald.com/sports/olympics-2024-us-to-face-brazil-in-basketball-mens-quarters-3136161', 'https://www.givemesport.com/olympics-mens-basketball-quarterfinals-bracket-schedule/', 'https://news.abs-cbn.com/sports/2024/8/4/lebrons-usa-to-face-brazil-in-olympics-knockout-phase-1407', 'https://sportstar.thehindu.com/olympics/paris-2024/news/paris-olympics-2024-lebron-usa-to-face-brazil-in-mens-quarterfinals/article68484142.ece', 'https://bvmsports.com/2024/08/04/2024-olympics-mens-basketball-jrue-holiday-returns-for-team-usa-vs-brazil-in-quarterfinals/', 'https://bvmsports.com/2024/08/04/team-usa-vs-brazil-olympic-basketball-quarterfinals-showdown-preview/', 'https://bvmsports.com/2024/08/04/team-usa-mens-basketball-advances-to-paris-2024-olympic-quarterfinals-with-lebron-james-shine/', 'https://www.cbc.ca/lite/story/1.7284965?feature', 'https://sports.inquirer.net/578221/team-usa-steps-up-quest-for-fifth-straight-olympic-gold', 'https://www.washingtonpost.com/sports/olympics/2024/08/03/paris-olympics-2024-live-results-scores-medals-day-8/', 'https://evrimagaci.org/tpg/team-usa-faces-brazil-in-olympic-basketball-showdown-5345', 'https://www.pna.gov.ph/articles/1230450', 'https://news.abs-cbn.com/sports/2024/8/4/can-team-usa-win-it-all-in-paris-austin-reaves-gives-his-take-2107', 'https://evrimagaci.org/tpg/us-basketball-team-faces-brazil-in-olympic-quarterfinals-5292', 'https://www.fijivillage.com/sports/-Olympics-Basketball-Germany-Greece-Serbia-Australia-France-Canada-Brazil-and-the-US-through-to-Mens-quarters-x5f48r/', 'https://www.msn.com/en-ph/news/other/team-usa-steps-up-quest-for-fifth-straight-olympic-gold/ar-AA1od8Sc?ocid', 'https://www.msn.com/en-my/sports/nba/olympic-men-s-basketball-quarterfinal-matchups-set/ar-AA1obDuJ', 'https://www.totalprosports.com/nba/basketball-olympics-2024-who-will-team-usas-mens-basketball-team-play-in-the-quarterfinals/', 'https://www.devdiscourse.com/article/sports-games/3042534-epic-battles-loom-nba-stars-clash-in-paris-olympics-mens-basketball-quarterfinals', 'https://headtopics.com/us/team-usa-vs-brazil-in-olympic-men-s-basketball-56959996', 'https://www.totalprosports.com/olympics/basketball-olympics-2024-when-and-where-to-watch-team-usas-quarterfinal-match-at-the-paris-olympics/', 'https://sportsaldente.com/the-u-s-will-face-brazil-in-the-olympic-mens-quarterfinals-with-serbia-or-australia-awaiting-in-the-semifinals/', 'https://www.wirenewsfax.com/u-s-mens-basketball-dominates-puerto-rico-to-secure-top-seed-in-olympic-qualifiers', 'https://headtopics.com/us/lakers-news-matchups-established-for-men-s-basketball-56917183']"
"Biles wins silver in gymnastics floor, her fourth medal in Paris.","['https://www.nbcnews.com/video/biles-wins-silver-in-gymnastics-floor-her-fourth-medal-in-paris-216489029616', 'https://www.teamusa.com/news/2024/august/05/biles-chiles-finish-their-paris-2024-run-with-silver-and-bronze', 'https://www.nytimes.com/athletic/live-blogs/simone-biles-live-updates-gymnastics-paris-olympics-2024-finals-results/hmcvrP769s7F/', 'https://bleacherreport.com/articles/10130867-simone-biles-olympic-legacy-is-unmatched-after-dominant-showing-at-2024-paris-games', 'https://www.npr.org/2024/08/05/g-s1-15360/simone-biles-silver-olympics-paris', 'https://www.france24.com/en/live-news/20240805-biles-caps-glittering-campaign-with-floor-exercise-silver-after-beam-fall', 'https://people.com/simone-biles-wins-four-medals-2024-olympics-8690143', 'https://www.forbes.com/sites/maryroeloffs/2024/08/05/simone-biles-wins-silver-for-last-medal-in-paris-after-falling-to-rival-rebeca-andrade/', 'https://www.usatoday.com/story/sports/olympics/2024/08/05/olympic-gymnastics-live-results/74194380007/', 'https://www.indystar.com/story/sports/olympics/2024/08/05/olympic-gymnastics-live-results/74194380007/', 'https://www.nbcnews.com/sports/olympics/live-blog/olympic-games-2024-live-updates-rcna162870', 'https://www.nytimes.com/athletic/live-blogs/simone-biles-live-updates-gymnastics-paris-olympics-2024-finals-results/hmcvrP769s7F/LkKHCQmSzT31/', 'https://bearswire.usatoday.com/story/sports/nfl/bears/2024/08/05/jonathan-owens-reacts-simone-biles-wins-olympic-silver-floor-exercise/74676305007/', 'https://www.france24.com/en/live-news/20240805-biles-bows-to-brazil-s-olympics-gymnastics-floor-queen-andrade', 'https://www.nytimes.com/athletic/live-blogs/simone-biles-live-updates-gymnastics-paris-olympics-2024-finals-results/hmcvrP769s7F/V50ei4F9tW2X/', 'https://www.nytimes.com/live/2024/08/05/world/olympics-gymnastics-beam-floor-biles', 'https://www.nytimes.com/athletic/live-blogs/simone-biles-live-updates-gymnastics-paris-olympics-2024-finals-results/hmcvrP769s7F/ImSPbOh2kP1b/', 'https://www.nytimes.com/athletic/live-blogs/simone-biles-live-updates-gymnastics-paris-olympics-2024-finals-results/hmcvrP769s7F/HQng6NB4Pbvi/', 'https://www.nytimes.com/athletic/live-blogs/simone-biles-live-updates-gymnastics-paris-olympics-2024-finals-results/hmcvrP769s7F/mpPFfgWZRwrJ/', 'https://www.forbes.com/sites/kaseynelson/2024/08/05/womens-gymnastics-2024-olympic-floor-final-results-andrade-edges-out-biles/', 'https://www.nytimes.com/athletic/live-blogs/simone-biles-live-updates-gymnastics-paris-olympics-2024-finals-results/hmcvrP769s7F/Ib9xjTdRfm2D/', 'https://athlonsports.com/olympics/aly-raismans-three-words-for-simone-biles-and-jordan-chiles-after-mondays-floor-final', 'https://bleacherreport.com/articles/10130802-simone-biles-jordan-chiles-win-silver-bronze-medals-in-womens-floor-at-olympics', 'https://bleacherreport.com/articles/10130830-olympic-2024-medal-count-final-tally-winners-from-day-10-early-events', 'https://www.huffpost.com/entry/simone-biles-floor-routine-olympics_n_66b08976e4b0f21c1146c95e', 'https://www.marieclaire.com/celebrity/simone-biles-silver-medal-win-paris-olympics-2024/', 'https://www.kgw.com/article/sports/olympics/simone-biles-floor-finals-routine-jordan-chiles/507-4faad41d-9420-44db-9054-d77610e185cb', 'https://www.whec.com/national-world/simone-biles-finishes-off-her-return-to-the-olympics-with-a-silver-on-floor-exercise/', 'https://www.theguardian.com/sport/article/2024/aug/05/simone-biles-gymnastics-olympics-beam-floor-result-paris-2024', 'https://www.bustle.com/entertainment/olympics-2024-simone-biles-won-silver-gymnastics-floor-exercise', 'https://www.telesurenglish.net/olympics-brazilian-rebeca-andrade-stars-in-the-final-day-of-gymnastics/', 'https://uk.sports.yahoo.com/news/simone-biles-ends-her-2024-151804020.html', 'https://thescore.com/olym/news/3049023', 'https://www.thescore.com/news/3049023/related', 'https://www.msn.com/en-ca/sports/cycling/simone-biles-takes-floor-silver-11th-career-olympic-medal/ar-AA1og0ae', 'https://www.telegraph.co.uk/olympics/2024/08/05/gymnastics-live-simone-biles-paris-2024-latest-updates/', 'https://www.espn.com.sg/olympics/story/_/id/40730910/simone-biles-slips-balance-beam-misses-olympic-medal-stand', 'https://athlonsports.com/olympics/heartbreaking-video-shows-gymnast-pushed-off-podium-jordan-chiles-score-change-ana-barbosu', 'https://www.sportsnet.ca/olympics/article/simone-biles-slips-off-beam-misses-podium/', 'https://wtop.com/blog/2024/08/wtop-goes-for-gold-the-latest-from-the-paris-olympics-2024/', 'https://www.inkl.com/news/simone-biles-makes-olympic-history-with-fourth-medal-win', 'https://www.brecorder.com/news/40316000', 'https://headtopics.com/ca/simone-biles-seals-triumphant-olympic-comeback-with-a-floor-56948922']"
"Raiders plan to play Aidan O'Connell, Gardner Minshew, ""as a team.""","['https://www.manchestertimes.com/sports/national/punt-god-matt-araiza-enjoying-second-chance-with-chiefs/article_d5f1f4fb-509e-5612-b94f-d201dde542bb.html', 'https://www.manchestertimes.com/sports/national/giants-undecided-on-qb-daniel-jones-for-preseason-opener/article_0e412e37-a32e-5f03-9ebc-79b894420d9c.html']"
Harbaugh 'was not aware' of any U-M violations.,"['https://www.espn.com/nfl/story/_/id/40738044/jim-harbaugh-denies-wrongdoing-amid-michigan-allegations', 'https://www.ocregister.com/2024/08/05/chargers-coach-jim-harbaugh-unaware-of-violations-at-michigan/', 'https://www.detroitnews.com/story/sports/college/university-michigan/2024/08/05/i-do-not-apologize-harbaugh-denies-knowing-about-um-sign-stealing-scheme/74681493007/', 'https://www.si.com/fannation/college/cfb-hq/news/jim-harbaugh-reacts-michigan-football-violations-report', 'https://footballscoop.com/news/jim-harbaugh-responds-to-report-of-notice-of-allegations-at-michigan', 'https://www.mlive.com/wolverines/2024/08/jim-harbaugh-responds-to-alleged-michigan-violations-i-do-not-apologize.html', 'https://www.detroitnews.com/story/sports/college/university-michigan/2024/08/04/michigan-wolverines-coach-sherrone-moore-face-punishment-ncaa-sign-stealing-investigation/74665636007/', 'https://thebharatexpressnews.com/jim-harbaugh-again-denies-knowledge-of-michigan-sign-theft-scheme-i-make-no-apologies/']"
Matthew Berryâ€™s latest positional rankings for 2024 fantasy season. NBC Sports2024 fantasy season.,[]
Noah Lyles wins 100-metre sprint in ultra-close photo finish.,"['https://www.ft.com/content/b58a3982-3862-400d-89c7-c205340414f4', 'https://apnews.com/article/2024-olympics-100m-lyles-thompson-ccf37184afc2f3318271d4c495d2a16b', 'https://www.wsj.com/sports/olympics/noah-lyles-100-meters-paris-olympics-fd894560', 'https://time.com/7007745/noah-lyles-olympics-100-meters-gold-anime-dragon-ball-celebration/', 'https://www.indiatoday.in/sports/olympics/story/paris-olympics-noah-lyles-kishane-thompson-photo-finish-100m-final-rules-explained-2577227-2024-08-05', 'https://www.firstpost.com/sports/watch-noah-lyles-100m-gold-five-thousandths-second-photo-finish-13800900.html', 'https://www.news9live.com/sports/others-sports/noah-lyles-wins-by-0-005-seconds-what-is-photo-finish-and-how-is-it-decided-in-olympics-2643972', 'https://ca.sports.yahoo.com/news/fastest-man-noah-lyles-jock-043949690.html', 'https://athleticsillustrated.com/lyles-wins-the-greatest-olympic-100-metre-sprint-final-in-history/', 'https://www.myjoyonline.com/fentuo-explaining-how-noah-lyles-was-declared-winner-over-kishane-thompson-in-olympics-100m-final/', 'https://www.tuko.co.ke/sports/athletics/557620-noah-lyles-kishane-thompson-how-paris-2024-mens-100m-winner-decided/', 'https://www.thetelegraph.com/sports/article/leigh-diffey-on-botched-paris-olympics-100-meters-19620435.php', 'https://www.gearpatrol.com/watches/noah-lyles-omega-speedmaster/', 'https://www.wtaj.com/2024-olympics/noah-lyles-pulls-out-olympic-100-in-photo-finish/', 'https://www.theoaklandpress.com/2024/08/05/snoop-dogg-has-exploded-on-the-olympics-global-stage/amp/', 'https://www.hindustantimes.com/entertainment/anime/us-olympic-legend-is-the-world-s-fastest-anime-fan-japan-approves-101722881210619-amp.html', 'https://www.independent.co.uk/tv/sport/noah-lyles-olympics-100m-final-words-b2591209.html', 'https://www.yoursun.com/ap/sports/lyles-wins-historically-close-100-meter-sprint/article_d4e1dfac-b52e-510b-8f93-f3810c0c3e56.html', 'https://www.dexerto.com/anime/dragon-ball-z-tribute-olympic-gold-medalist-2850493/']"
"Armand ""Mondo"" Duplantis breaks pole vault world record in gold.","['https://www.forbes.com/sites/katelynhutchison/2024/08/05/mondo-duplantis-breaks-pole-vault-world-record-for-the-9th-time-wins-second-olympic-gold-medal/', 'https://www.cbsnews.com/news/mondo-duplantis-pole-vaulting-record-olympic-gold-paris-2024/', 'https://www.theguardian.com/sport/article/2024/aug/05/2024-paris-olympic-games-armand-duplantis-pole-vault-world-record', 'https://www.reuters.com/sports/olympics/athletics-duplantis-breaks-own-pole-vault-world-record-after-taking-gold-2024-08-05/', 'https://www.washingtonpost.com/sports/olympics/2024/08/05/mondo-duplantis-pole-vault-world-record-gold-olympics/', 'https://www.walb.com/2024/08/05/mondo-duplantis-breaks-pole-vault-world-record-gold-medal-performance-olympics/', 'https://olympics.com/en/news/paris-2024-athletics-mondo-duplantis-soars-to-paris-2024-mens-pole-vault-gold-all-results', 'https://uk.news.yahoo.com/armand-duplantis-breaks-pole-vault-202237547.html', 'https://www.npr.org/2024/08/05/g-s1-15440/mondo-pole-vault-gold-sweden-paris-olympics', 'https://www.somdnews.com/2024olympics/armand-mondo-duplantis-breaks-pole-vault-world-record-in-gold-medal-performance-at-olympics/article_24491b88-2b6e-5290-9cb3-67c20267d6ba.html', 'https://www.news-herald.com/2024/08/05/armand-mondo-duplantis-breaks-pole-vault-world-record-katie-moon-advances-to-final/', 'https://www.wdsu.com/article/sweden-mens-pole-vault-olympics-gold-paris/61795316', 'https://www.goskagit.com/2024olympics/armand-mondo-duplantis-breaks-pole-vault-world-record-in-gold-medal-performance-at-olympics/article_16299cc7-c73e-5153-b5fa-e93706c7101f.html', 'https://www.espn.com/olympics/story/_/id/40737670/armand-duplantis-breaks-own-pole-vault-jump-record-wins-olympic-gold', 'https://www.tribdem.com/sports/paris-olympics-mondo-duplantis-breaks-pole-vault-world-record-in-gold-medal-performance/article_1a3a1d71-b71b-5c9c-b3df-4409b3e7bd6d.html', 'https://www.flotrack.org/articles/12767233-mondo-duplantis-still-has-it-mens-pole-vault-world-records-since-1994', 'https://www.theadvocate.com/baton_rouge/sports/lsu/history-made-mondo-duplantis-wins-second-olympic-pole-vault-gold-breaks-his-world-record/article_20f170d7-6e18-52db-8c02-261b8f9a0836.html', 'https://olympics.com/en/paris-2024/live-updates/3040f0c0-5283-451a-874b-ccf2dd24afd6', 'https://www.nytimes.com/athletic/5682112/2024/08/05/mondo-duplantis-pole-vault-final-sam-kendricks/', 'https://www.nytimes.com/athletic/live-blogs/paris-olympics-2024-live-updates-day-ten-scores-results/XOqC8eDGCzc5/', 'https://www.wbrz.com/news/former-lsu-pole-vaulting-star-mondo-duplantis-wins-second-gold-medal-breaks-own-world-record/', 'https://www.lemonde.fr/en/sports/article/2024/08/05/mondo-duplantis-breaks-pole-vault-world-record-in-gold-medal-performance-at-olympics_6709741_9.html', 'https://www.bbc.com/sport/olympics/articles/c17ggrnv2eno', 'https://olympics.com/en/paris-2024/live-updates/229cfb1d-8089-4494-a50a-810d7a1d8745', 'https://indianexpress.com/article/sports/sport-others/mondo-duplantis-pole-vault-world-record-paris-olympics-9497182/', 'https://www.wsj.com/sports/olympics/olympics-mondo-duplantis-pole-vault-athletics-54552cba', 'https://olympics.com/en/paris-2024/live-updates/5a3cbb9c-d2ad-41e2-82bd-135fbe19aedc', 'https://www.springfieldnewssun.com/nation-world/mondo-duplantis-breaks-pole-vault-world-record-in-gold-medal-performance-at-olympics/7GKTAOQG4JAYHCOO3VFSD75WI4/', 'https://www.kplctv.com/2024/08/05/geauxt-pole-vaulter-lafayette-sets-9th-world-record-wins-gold-paris-olympics/', 'https://www.msn.com/en-us/sports/other/mondo-duplantis-breaks-pole-vaulting-record-again-at-2024-olympics/ar-AA1ohItq', 'https://www.riverbender.com/topnews/details.cfm?id', 'https://www.si.com/olympics/armand-duplantis-viral-turkish-shooter-record-breaking-pole-vault', 'https://www.pinalcentral.com/arizona_and_national_sports/duplantis-breaks-pole-vault-world-record-in-gold-medal-performance-at-olympics/article_0089ba37-5a50-57b5-9ff1-04ee0b28a5ea.html', 'https://www.nytimes.com/athletic/live-blogs/paris-olympics-2024-live-updates-day-ten-scores-results/XOqC8eDGCzc5/8p4jxLd2odcJ/', 'https://abcnews.go.com/Sports/wireStory/noah-lyles-back-track-olympics-drama-run-round-112588568', 'https://www.recorderonline.com/sports/national_sports/swedens-armand-duplantis-breaks-his-own-world-record-to-win-gold-in-the-olympic-pole/article_36781eb6-4180-5ed2-bdb6-1be94b46b1e5.html', 'https://www.nytimes.com/athletic/live-blogs/paris-olympics-2024-live-updates-day-ten-scores-results/XOqC8eDGCzc5/LYUgAS1CDYYl/', 'https://www.msn.com/en-us/sports/other/mondo-duplantis-inevitably-wins-olympic-pole-vault-gold-again-breaks-world-record/ar-AA1ohvCF', 'https://www.localmemphis.com/article/sports/ole-miss-track-field-sam-kendricks-wins-silver-pole-vault/522-f220ce31-6bf5-4418-af7f-bb47f90de31a', 'https://www.nytimes.com/athletic/live-blogs/paris-olympics-2024-live-updates-day-ten-scores-results/XOqC8eDGCzc5/iYcTpCH1Fl6O/', 'https://www.nytimes.com/athletic/live-blogs/paris-olympics-2024-live-updates-day-ten-scores-results/XOqC8eDGCzc5/0J2ggCnmJcBD/', 'https://www.nytimes.com/athletic/live-blogs/paris-olympics-2024-live-updates-day-ten-scores-results/XOqC8eDGCzc5/K8nMlLRmlLeg/', 'https://www.yahoo.com/entertainment/mondo-duplantis-embraced-girlfriend-breaking-210000789.html', 'https://www.nytimes.com/athletic/live-blogs/paris-olympics-2024-live-updates-day-ten-scores-results/XOqC8eDGCzc5/RlpRvdTzd9B4/', 'https://www.nbcnews.com/sports/olympics/live-blog/olympic-games-2024-live-updates-rcna162870', 'https://www.independent.co.uk/sport/olympics/olympics-2024-live-results-medals-team-gb-b2591109.html', 'https://au.sports.yahoo.com/armand-duplantis-leaves-olympics-in-shock-with-never-before-seen-act-in-pole-vault-final-211733114.html', 'https://www.nytimes.com/athletic/live-blogs/paris-olympics-2024-live-updates-day-ten-scores-results/XOqC8eDGCzc5/skX6VEnMP1KQ/', 'https://www.washingtonpost.com/sports/olympics/2024/08/05/paris-olympics-2024-live-medals-scores-day-10/', 'https://www.nytimes.com/athletic/live-blogs/paris-olympics-2024-live-updates-day-ten-scores-results/XOqC8eDGCzc5/80iNoALIfKst/', 'https://www.mirror.co.uk/sport/other-sports/athletics/pole-vault-king-mondo-duplantis-33392932', 'https://www.nine.com.au/sport/olympics/paris-2024-athletics-mens-pole-vault-final-armand-duplantis-kurtis-marschall-20240806-p5jzuk.html', 'https://www.nytimes.com/athletic/live-blogs/paris-olympics-2024-live-updates-day-ten-scores-results/XOqC8eDGCzc5/2X9M9nbsfnoa/', 'https://www.nytimes.com/athletic/live-blogs/paris-olympics-2024-live-updates-day-ten-scores-results/XOqC8eDGCzc5/cGwbnQkOerbn/', 'https://www.ksn.com/2024-olympics/us-claims-silver-as-duplantis-breaks-his-own-pole-vault-world-record/', 'https://sports.inquirer.net/578683/swedens-mondo-duplantis-pole-vaults-invincible-superstar', 'https://www.nytimes.com/athletic/live-blogs/paris-olympics-2024-live-updates-day-ten-scores-results/XOqC8eDGCzc5/IapnwpGfjjWZ/', 'https://www.nytimes.com/athletic/live-blogs/paris-olympics-2024-live-updates-day-ten-scores-results/XOqC8eDGCzc5/SKQFXDe77Vrj/', 'https://www.nytimes.com/athletic/live-blogs/paris-olympics-2024-live-updates-day-ten-scores-results/XOqC8eDGCzc5/5ZIU4SsTJTPV/', 'https://www.nytimes.com/athletic/live-blogs/paris-olympics-2024-live-updates-day-ten-scores-results/XOqC8eDGCzc5/WuHSyqlABTHB/', 'https://www.thesun.co.uk/sport/29300349/who-armand-duplantis-pole-vault-olympics-2024/', 'https://www.nytimes.com/athletic/live-blogs/paris-olympics-2024-live-updates-day-ten-scores-results/XOqC8eDGCzc5/inMfDCcOr4zB/', 'https://nypost.com/2024/08/05/sports/mondo-duplantis-celebrates-record-pole-vault-for-sweden-in-wild-scene/', 'https://www.nytimes.com/athletic/live-blogs/paris-olympics-2024-live-updates-day-ten-scores-results/XOqC8eDGCzc5/G1dgr7spgujB/', 'https://olympics.com/en/paris-2024/live-updates/24f5b84e-17b8-47de-86a2-0d3feb8e5a6b', 'https://www.cnn.com/sport/live-news/paris-olympics-news-2024-08-05/index.html', 'https://www.nytimes.com/athletic/live-blogs/paris-olympics-2024-live-updates-day-ten-scores-results/XOqC8eDGCzc5/IzIeRChsq4H8/', 'https://sportstar.thehindu.com/olympics/paris-2024/news/paris-olympics-duplantis-pole-vault-world-record/article68490177.ece', 'https://olympics.com/en/paris-2024/live-updates/e5accda3-09db-4eaf-89b3-5a56b5361ff4', 'https://olympics.com/en/paris-2024/live-updates/15180bd3-2a93-49c2-b5ca-a5b0b12ff58d', 'https://olympics.com/en/paris-2024/live-updates/53163ffb-7a6a-4321-8f3d-c6bcd889a1a1', 'https://olympics.com/en/paris-2024/live-updates/4e5bdfdb-386c-40dd-952e-220c21623658', 'https://olympics.com/en/paris-2024/live-updates/00d5dc20-c318-4763-b95d-5518ae9ad022', 'https://www.msn.com/en-gb/news/other/armand-duplantis-breaks-pole-vault-world-record-again-to-top-off-olympic-gold-at-paris-2024/ar-AA1ohqiH', 'https://www.channelnewsasia.com/sport/duplantis-breaks-own-pole-vault-world-record-after-taking-gold-4528481', 'https://www.indiatoday.in/sports/olympics/story/paris-olympics-pole-vault-final-mondo-duplantis-world-record-6-25m-paris-2577486-2024-08-06', 'https://www.abc.net.au/news/2024-08-06/armand-duplantis-kurtis-marschall-paris-olympics-pole-vault/104187028', 'https://larrybrownsports.com/olympics/swedish-pole-vaulter-world-record-olympics-mondo-duplantis/637145', 'https://thewillnews.com/duplantis-breaks-pole-vault-world-record-at-paris-olympics/', 'https://www.latestly.com/agency-news/sports-news-duplantis-breaks-olympic-and-world-record-to-take-gold-in-mens-pole-vault-final-in-paris-6166737.html', 'https://www.telegraph.co.uk/olympics/2024/08/05/armand-duplantis-pole-vault-world-record-olympics-sweden/', 'https://www.aninews.in/news/sports/others/duplantis-breaks-olympic-and-world-record-to-take-gold-in-mens-pole-vault-final-in-paris20240806030202', 'https://www.latestly.com/socially/sports/mondo-duplantis-does-yusuf-dikec-celebration-after-he-wins-a-gold-medal-breaks-own-world-record-in-mens-pole-vault-at-paris-olympics-2024-see-pic-and-video-6166767.html', 'https://www.sportingnews.com/us/olympics/news/olympics-track-field-live-results-updates-highlights-day-4/4e59a5a3d289e31f3a9dde3b', 'https://interaksyon.philstar.com/trends-spotlights/2024/08/06/281012/olympics-peerless-duplantis-caps-golden-night-with-pole-vault-world-record/', 'https://www.cbc.ca/sports/olympics/summer/athletics/athletics-roundup-de-grasse-leduc-aug-5-1.7285580', 'https://www.onesports.ph/paris-2024/article/23326/no-1-armand-duplantis-smashes-olympic-and-world-records-on-his-way-to-second-straight-gold-medal', 'https://www.myjoyonline.com/paris-2024-mondo-duplantis-soars-to-mens-pole-vault-gold/', 'https://www.nytimes.com/athletic/5646961/2024/08/05/mondo-duplantis-biomechanics-pole-vault/', 'https://www.bbc.com/sport/olympics/live/cek94k2yvpkt', 'https://www.theguardian.com/sport/live/2024/aug/05/paris-2024-olympics-day-10-live-updates-today-schedule-events-athletics-cycling-gymnastics', 'https://www.abc.net.au/news/2024-08-05/paris-olympic-games-live-day-10-hockeyroos-noemie-fox/104130500', 'https://www.biloxinewsevents.com/lsus-armand-mondo-duplantis-breaks-pole-vault-world-record-in-gold-medal-performance-at-olympics/', 'https://thebharatexpressnews.com/american-mondo-duplantis-breaks-pole-vault-record-while-competing-for-sweden-at-the-olympics/', 'https://headtopics.com/us/mondo-duplantis-breaks-own-pole-vault-world-record-at-56967938', 'https://www.onenewspage.com/n/Australia/1zqx0o0xzf/Swedish-star-breaks-pole-vault-world-record.htm']"
Harrison Butker of the Kansas City Chiefs is reportedly becoming the highest paid NFL kicker.,"['https://www.cnn.com/2024/08/05/sport/harrison-butker-nfl-highest-paid-kicker-spt/index.html', 'https://www.nbcnews.com/news/sports/chiefs-harrison-butker-highest-paid-kicker-rcna165253', 'https://www.si.com/nfl/chiefs/news/report-harrison-butker-signing-contract-extension-with-kansas-city-chiefs-becomes-highest-paid-kicker-in-nfl', 'https://www.thebiglead.com/posts/the-nfl-s-biggest-political-lightning-rod-is-also-the-highest-paid-at-his-position', 'https://thescore.com/nfl/news/3049211']"
"Daniel Jones explains involvement in the Lions-Giants joint-practice scuffle: 'You know, you know, you know.'","['https://www.nfl.com/news/daniel-jones-explains-involvement-in-lions-giants-joint-practice-scuffle-you-try-to-stand-up-for-guys', 'https://www.espn.com/nfl/story/_/id/40739056/daniel-jones-incites-scuffle-chippy-giants-lions-practice', 'https://www.mlive.com/sports/2024/08/camp-observations-lions-dont-take-no-expletive-in-fight-filled-practice.html', 'https://uk.sports.yahoo.com/news/multiple-fights-break-out-at-giants-lions-joint-training-camp-qb-daniel-jones-pulled-out-of-fray-video-170353786.html', 'https://uk.sports.yahoo.com/news/multiple-fights-break-out-at-giants-lions-joint-training-camp-qb-daniel-jones-pulled-out-of-fray-170353428.html', 'https://www.nytimes.com/athletic/5682391/2024/08/05/lions-giants-joint-practice-gets-chippy-plus-a-day-following-the-defense/', 'https://www.on3.com/pro/news/quarterback-daniel-jones-general-manager-joe-schoen-involved-new-york-giants-detroit-lions-training-camp-fight/']"
Alabama football's 2024 preseason coaches poll ranking is program's lowest since 2009. Alabama football's 2024 preseason coaches poll ranking is program's lowest since 2009.,"['https://247sports.com/college/alabama/article/alabama-footballs-2024-preseason-coaches-poll-ranking-is-programs-lowest-since-2009-234464774/', 'https://6abc.com/sports/georgia-ohio-state-top-coaches-preseason-college-football-poll/15146952/', 'https://tdalabamamag.com/2024/08/05/alabama-football-debuts-at-lowest-preseason-ranking-in-usa-today-coaches-poll-since-2009/', 'https://247sports.com/college/alabama/article/roll-pod-go-hike-a-mountain-234484024/', 'https://247sports.com/college/alabama/article/alabamas-2024-preseason-coaches-poll-ranking-is-programs-lowest-since-2009-234464774/', 'https://www.nytimes.com/athletic/5681893/2024/08/05/college-football-preseason-top-25-coaches-poll/']"
"Imane Khelif, Olympic boxer at center of gender dispute, calls for a gender equality debate.","['https://time.com/7008028/iba-boxing-gender-controversy-paris-olympics/', 'https://www.crosswalk.com/slideshows/5-key-questions-and-answers-about-the-olympic-boxing-gender-controversy.html', 'https://www.nationalreview.com/news/we-need-to-protect-womens-sports-international-boxing-association-defends-sex-disqualifications/', 'https://nz.news.yahoo.com/boston-globe-apologizes-headline-error-153134361.html', 'https://www.thehindu.com/podcast/imane-khelif-and-the-gender-controversy/article68488066.ece', 'https://www.washingtonpost.com/sports/olympics/2024/08/03/olympics-boxing-imane-khelif-woman/', 'https://www.telegraph.co.uk/olympics/2024/08/05/imane-khelif-iba-explain-olympics-gender-row-boxer-live/', 'https://www.themirror.com/sport/boxing/imane-khelif-boxing-olympics-gender-629403', 'https://www.inkl.com/news/watch-live-international-boxing-association-holds-press-conference-amidst-paris-olympics-gender-debate', 'https://sports.yahoo.com/olympic-boxer-imane-khelif-calls-234741056.html', 'https://www.irishmirror.ie/sport/other-sport/boxing/who-imane-khelif-you-need-33398715', 'https://timesofindia.indiatimes.com/sports/paris-olympics-2024/paris-olympics-boxer-imane-khelif-wants-an-end-to-bullying-backlash-over-gender-misconceptions/articleshow/112276020.cms', 'https://www.ibtimes.co.in/algerian-boxer-khelif-makes-historic-win-amid-gender-eligibility-debate-870838', 'https://apnews.com/article/olympics-2024-imane-khelif-lin-yuting-boxing-13e9529195585404c7b03c96f97dd634', 'https://evrimagaci.org/tpg/olympics-spotlight-on-gender-identity-sparks-debate-5250', 'https://www.thehindu.com/sport/olympics/paris-olympics-boxing-taiwans-lin-yu-ting-beats-svetlana-staneva-to-ensure-medal-amid-gender-debate/article68484810.ece', 'https://www.inkl.com/news/olympics-organizers-denounce-flawed-testing-of-boxers', 'https://www.wsj.com/sports/olympics/olympic-boxing-gender-controversy-russia-1e5bacf8', 'https://www.outsports.com/2024/8/5/24099541/imane-khelif-bullying-paris-olympics-boxing-ap-medal/', 'https://nz.news.yahoo.com/boxer-beat-imane-khelif-2022-111510585.html', 'https://uk.news.yahoo.com/iba-controversial-boxing-authority-locked-113911693.html', 'https://uk.news.yahoo.com/paris-2024-olympics-second-boxer-122900973.html', 'https://uk.news.yahoo.com/imane-khelif-failed-gender-eligibility-140255915.html', 'https://www.msn.com/en-us/sports/other/olympic-boxer-imane-khelif-says-she-s-victim-in-gender-scandal-as-she-issues-warning/ar-AA1oeIZO', 'https://uk.news.yahoo.com/dsd-condition-heart-imane-khelif-124528709.html', 'https://www.insidethegames.biz/articles/1147483/olympic-boxer-imane-khelif-calls-for-end', 'https://www.insidethegames.biz/articles/1147461/ioc-attacks-iba-denounces-gender-tests', 'https://www.independent.co.uk/news/uk/home-news/imane-khelif-dsd-xy-chromosome-test-paris-2024-olympics-b2591171.html', 'https://bhaskarlive.in/paris-olympics-imane-khelif-targets-gold-asks-for-an-end-to-gender-bullying/']"
